sex,number,percentage
Male,2354428,0.494434009
Female,2407437,0.505565991
